,Cash Flows,Present Value
Base Year,,
Year1,192.44340425201196,165.9105999991446
Year2,199.84544166075287,159.9745515491345
Year3,209.6867367921055,155.85228261163755
Year4,221.93679838641825,153.16413214352986
Year5,236.60031056526,151.61026947335085
