,terminal_value,Discounted_terminal_value,MVE
Value,3158.3960009794296,1960.0052714409287,2532.8247208269286
