,terminal_value,Discounted_terminal_value,Enterprise Value,MVD,Slack Cash,MVE
Value,4845.015277515368,3104.6200661008825,3891.13190187768,832.3893298430593,86.42861480649839,3145.171186841119
